source_file,condition,damage_level,specimen,test_type,hit_group,row_count,Sensor_1_mean,Sensor_1_std,Sensor_1_p2p,Sensor_2_mean,Sensor_2_std,Sensor_2_p2p,Sensor_3_mean,Sensor_3_std,Sensor_3_p2p,Sensor_4_mean,Sensor_4_std,Sensor_4_p2p,Sensor_5_mean,Sensor_5_std,Sensor_5_p2p
Undamaged Data of 2 cantilever/1st/Displacement/UD-1 cm.xlsx,Undamaged,,1st,Displacement,,5475,1.43053698630137,0.5513541342045036,8.2,1.4164036529680364,0.3845347672173865,5.24,1.3153004566210047,0.3145112314605122,4.71,1.5837150684931507,0.09691669289206234,2.31,1.5222356164383557,0.021523266823595493,0.5699999999999998
Undamaged Data of 2 cantilever/1st/Displacement/UD-2cm.xlsx,Undamaged,,1st,Displacement,,4745,1.4392054794520548,0.7422704993709578,9.58,1.4175932560590094,0.5245315333375782,6.890000000000001,1.3080632244467862,0.4119747668010111,5.34,1.5780885142255006,0.13125558112603755,2.56,1.4770326659641728,0.04436506328138304,0.96
Undamaged Data of 2 cantilever/1st/Displacement/UD-3 cm.xlsx,Undamaged,,1st,Displacement,,5616,1.430122863247863,0.806047535573198,10.57,1.4184312678062678,0.5919694222490666,9.24,1.3027457264957263,0.46200894335448267,7.68,1.5336965811965813,0.1437282851146745,3.4,1.513741096866097,0.039547528930335106,1.01
Undamaged Data of 2 cantilever/1st/Displacement/UD-4 cm.xlsx,Undamaged,,1st,Displacement,,5463,1.4246439685154677,0.8238003363900241,10.67,1.4165019220208677,0.6180253828171339,9.6,1.3084239428885227,0.48728635483186095,8.37,1.5242906827750318,0.15912465744982177,4.28,1.5212465678198792,0.0323038566824909,0.9600000000000002
Undamaged Data of 2 cantilever/1st/Displacement/UD-5 cm.xlsx,Undamaged,,1st,Displacement,,8997,1.428012670890297,0.6492899862756607,10.73,1.4169889963321107,0.49205178044244074,10.1,1.3226342114038014,0.3878009695073454,8.65,1.524537067911526,0.12632622237933291,4.07,1.5223407802600866,0.03118117706946564,1.0599999999999998
Undamaged Data of 2 cantilever/1st/Multihit/2-Hit/UD-MH 1-2-3.xlsx,Undamaged,,1st,Multihit,,8734,1.4389993130295398,0.3641075535411647,7.6899999999999995,1.4208346691092282,0.2133122597252953,4.3500000000000005,1.4813945500343486,0.19635724563301032,5.130000000000001,1.5402816578887109,0.14644475907059912,5.59,1.476196473551637,0.048617962415982596,1.9900000000000002
Undamaged Data of 2 cantilever/1st/Multihit/2-Hit/UD-MH 2-3-4.xlsx,Undamaged,,1st,Multihit,,5931,1.4506086663294557,0.4459411297277839,7.48,1.4309374473107401,0.24182066153003756,3.64,1.4947799696509865,0.23416695585464614,4.74,1.555767998651155,0.19938073468517295,5.88,1.491584892935424,0.07364870584686845,2.23
Undamaged Data of 2 cantilever/1st/Multihit/2-Hit/UD-MH 3-4-5.xlsx,Undamaged,,1st,Multihit,,9726,1.43452087188978,0.34872773791905265,7.869999999999999,1.4166625539790252,0.18752060150804561,4.92,1.2710559325519228,0.18237892573557363,4.72,1.5258760024676126,0.17809020748183482,5.89,1.4597326753033106,0.08475429781447391,4.1899999999999995
Undamaged Data of 2 cantilever/1st/Multihit/2-Hit/UD-MH 4-5--1-2.xlsx,Undamaged,,1st,Multihit,,10583,1.4339223282623075,0.44213912373770076,8.5,1.4156590758764056,0.28664146922454603,5.0,1.2646952659926298,0.22886186651287282,4.66,1.5229424548804686,0.15229026213804198,5.74,1.4705556080506472,0.08678171064167774,4.01
Undamaged Data of 2 cantilever/1st/Multihit/3-Hit/UD-MH 1-2-3-4.xlsx,Undamaged,,1st,Multihit,,11523,1.4294940553675257,0.5131112364560956,8.46,1.414930139720559,0.3250530271672904,4.35,1.277526685758917,0.2720276411336097,5.21,1.524574329601666,0.18368760864698389,6.210000000000001,1.4631076976481818,0.07024519591874688,2.79
Undamaged Data of 2 cantilever/1st/Multihit/3-Hit/UD-MH 2-3-4-5.xlsx,Undamaged,,1st,Multihit,,9705,1.428561566202988,0.5191154248787965,15.33,1.4157063369397218,0.29523391578703106,4.4799999999999995,1.279292117465224,0.2645353290547688,5.930000000000001,1.5349881504379186,0.2420833132373013,7.1,1.5158104070066973,0.10745541606433522,4.27
Undamaged Data of 2 cantilever/1st/Multihit/4-Hit/UD-MH 1-2-3-4-5.xlsx,Undamaged,,1st,Multihit,,14256,1.435442620650954,0.5948622781146866,9.51,1.4146569865319865,0.3771473649337541,5.66,1.2646233164983165,0.3201015466301358,5.7,1.5212836700336698,0.22841624653097106,7.28,1.4827223625140293,0.10084645096434064,4.9
Undamaged Data of 2 cantilever/1st/Randomhit/UD- RH 1-3-4 A.xlsx,Undamaged,,1st,Randomhit,,10592,1.4163179758308158,0.5443919981325609,8.719999999999999,1.4093901057401814,0.32526262568334313,5.48,1.3062802114803627,0.27137884447576016,4.57,1.5294420317220543,0.23552022514512483,7.539999999999999,1.5107817220543807,0.09230354295095203,3.46
Undamaged Data of 2 cantilever/1st/Randomhit/UD- RH 2-4 A.xlsx,Undamaged,,1st,Randomhit,,8158,1.4144778131895073,0.4282530243593066,8.95,1.4087889188526599,0.22190313133381842,5.24,1.316852169649424,0.1928868597241276,5.22,1.5232740867859769,0.22763261028338821,6.79,1.5107060554057368,0.09312030175848282,4.03
Undamaged Data of 2 cantilever/1st/Randomhit/UD- RH 3-2-4 A.xlsx,Undamaged,,1st,Randomhit,,10922,1.4202691814685955,0.40997942026897854,8.129999999999999,1.409967954587072,0.2233913567440196,5.17,1.3226020875297566,0.19647857884537182,4.01,1.519102728438015,0.20102835309746503,6.470000000000001,1.5117927119575165,0.07849018159781936,3.21
Undamaged Data of 2 cantilever/1st/Randomhit/UD- RH 4-1-2 A.xlsx,Undamaged,,1st,Randomhit,,11164,1.4218729845933358,0.5499944651201759,8.8,1.4108518452167682,0.3472975225905398,5.88,1.3238659978502327,0.2873153596256314,4.22,1.5447339663203157,0.22559880998241463,7.8,1.5147339663203152,0.09149798469898043,4.04
Undamaged Data of 2 cantilever/1st/Singlehit/UD-SH 2-3.xlsx,Undamaged,,1st,Singlehit,,5768,1.5293862690707347,0.38210337244839027,11.76,1.409361997226075,0.20440563417487578,4.27,1.4343984049930654,0.19342751524210705,4.42,1.5218203883495147,0.15068992592516045,5.109999999999999,1.4915898058252426,0.06624240664753339,2.23
Undamaged Data of 2 cantilever/1st/Singlehit/UD-SH 3-4.xlsx,Undamaged,,1st,Singlehit,,5719,1.4389281342892113,0.3683176279209081,7.76,1.4141318412309845,0.21558954068093472,3.8,1.4890260535058577,0.19447334064984217,4.42,1.5265448504983388,0.15177423717689162,5.15,1.4718569680013986,0.06520165265458096,2.81
Undamaged Data of 2 cantilever/1st/Singlehit/UD-SH 4-5.xlsx,Undamaged,,1st,Singlehit,,3946,1.4383806386213887,0.3330943194850435,7.43,1.4211936137861128,0.12415665120236778,4.59,1.5143689812468322,0.1712168325319755,4.09,1.53908768373036,0.20000818466233136,4.81,1.484227065382666,0.09908976426123849,3.67
Undamaged Data of 2 cantilever/1st/Singlehit/UD-SH1-2.xlsx,Undamaged,,1st,Singlehit,,6329,1.5312545425817667,0.4049731224658078,6.369999999999999,1.415082951493127,0.27881906843329046,3.86,1.4281529467530414,0.21463766691205416,3.2600000000000002,1.524030652551746,0.09573892384056078,3.62,1.7276267972823511,0.0983412960464118,4.42
Undamaged Data of 2 cantilever/2nd/Displacement/1 cm.xlsx,Damaged,,2nd,Displacement,,6164,1.3922031148604803,0.5990925694872993,8.93,1.38260058403634,0.4114672622556319,5.87,1.2815817650876056,0.3189784923220925,5.23,1.6481894873458791,0.11341525643610718,3.09,1.4848864373783257,0.016415921450444,0.48
Undamaged Data of 2 cantilever/2nd/Displacement/2 cm.xlsx,Damaged,,2nd,Displacement,,6769,1.3908036637612646,0.6093074911771081,9.81,1.3823208745752698,0.4201326831994617,6.41,1.3113044762889645,0.3711656176189783,5.88,1.567422071206973,0.11252062796341641,2.81,1.4846609543507168,0.01788972859545678,0.7
Undamaged Data of 2 cantilever/2nd/Displacement/3 cm.xlsx,Damaged,,2nd,Displacement,,6924,1.3891363373772387,0.7242799983461254,10.51,1.3833073367995379,0.5175268778839104,8.37,1.2963113807047948,0.45410112080472326,7.18,1.6546822645869441,0.15664574153361774,3.95,1.4842345465049105,0.02260208228074764,0.77
Undamaged Data of 2 cantilever/2nd/Displacement/4 cm.xlsx,Damaged,,2nd,Displacement,,4573,1.3912617537721408,0.9015356321261858,10.58,1.385018587360595,0.6491204971503085,8.790000000000001,1.3497878854143888,0.49869262459475794,8.03,1.4994554996719878,0.1706184675227014,4.48,1.4861644434725565,0.029863806994047875,1.0400000000000003
Undamaged Data of 2 cantilever/2nd/Displacement/5 cm.xlsx,Damaged,,2nd,Displacement,,9423,1.3925108776398176,0.6847613836050153,10.67,1.3846959567016874,0.5134390795215694,10.18,1.3834521914464608,0.39110425018946643,9.19,1.5487870105062083,0.14135313404581065,5.21,1.4863185821925078,0.023802216094430232,1.2100000000000002
Undamaged Data of 2 cantilever/2nd/Multihit/2 HIT/UD-MH 1-2-3.xlsx,Damaged,,2nd,Multihit,2hit,14465,1.395576909782233,0.4023122475692712,8.52,1.386846180435534,0.2661229550064767,4.53,1.3309367438645006,0.2866366180796847,5.23,1.5182640857241618,0.12006085730765213,5.67,1.4886436225371589,0.03920390368713231,2.3600000000000003
Undamaged Data of 2 cantilever/2nd/Multihit/2 HIT/UD-MH 2-3-4.xlsx,Damaged,,2nd,Multihit,2hit,11043,1.3897663678348275,0.41609166839833095,7.8100000000000005,1.380571402698542,0.2482686825747791,4.73,1.3682559087204564,0.2295864644265552,5.25,1.5139074526849585,0.1726180806243524,6.26,1.4835723988046727,0.0608010947836738,2.9000000000000004
Undamaged Data of 2 cantilever/2nd/Multihit/2 HIT/UD-MH 3-4-5.xlsx,Damaged,,2nd,Multihit,2hit,8470,1.387551357733176,0.4950872612858917,8.83,1.379151121605667,0.2815915490836537,5.84,1.3467898465171193,0.27226149452106313,5.92,1.5073128689492323,0.24914832871866577,7.66,1.4840672963400237,0.1031043602794841,4.45
Undamaged Data of 2 cantilever/2nd/Multihit/2 HIT/UD-MH 4-5--1-2.xlsx,Damaged,,2nd,Multihit,2hit,7538,1.386824091270894,0.5172251938183944,8.41,1.3808729105863624,0.3227162350669573,5.01,1.296257628018042,0.2768687401671208,4.61,1.4992690368798092,0.20985879885336525,5.02,1.4849442823029981,0.09626763434918253,4.07
Undamaged Data of 2 cantilever/2nd/Multihit/3 HIT/UD-MH 1-2-3-4.xlsx,Damaged,,2nd,Multihit,3hit,10056,1.3848876292760541,0.7657306435688442,9.690000000000001,1.3815721957040572,0.503861236411398,7.5,1.2876173428798725,0.44557539795147166,7.68,1.4979634049323787,0.28646550470116156,7.59,1.4826968973747021,0.09807985468939277,3.5700000000000003
Undamaged Data of 2 cantilever/2nd/Multihit/3 HIT/UD-MH 2-3-4-5.xlsx,Damaged,,2nd,Multihit,3hit,10258,1.3839900565412362,0.5167843277748754,8.53,1.378533827256775,0.32169225521394373,5.03,1.33027783193605,0.27954884825882115,5.220000000000001,1.5378787287970366,0.20292005041289382,7.3,1.4815490348995908,0.07960164900717051,3.2199999999999998
Undamaged Data of 2 cantilever/2nd/Multihit/4 HIT/UD-MH 1-2-3-4-5.xlsx,Damaged,,2nd,Multihit,4hit,10525,1.3831277909738717,0.7127783574180722,9.72,1.3788028503562946,0.4494841331223837,6.15,1.3225149643705465,0.4019662487761625,6.6,1.5136893111638954,0.28469990002068646,8.809999999999999,1.480671733966746,0.11679309169492912,4.7700000000000005
Undamaged Data of 2 cantilever/2nd/Randomhit/UD-RH 1-3-4 A.xlsx,Damaged,,2nd,Randomhit,,9767,1.3889341660694174,0.5213941837087587,8.19,1.3838322924132282,0.30229585317722085,4.140000000000001,1.2781990375755095,0.28120116634249764,5.51,1.5296447220231393,0.22521413733985035,7.24,1.4869366233234362,0.09415356005029824,4.51
Undamaged Data of 2 cantilever/2nd/Randomhit/UD-RH 2-4 A.xlsx,Damaged,,2nd,Randomhit,,6768,1.3812248817966906,0.5687323377095238,8.879999999999999,1.3772429078014186,0.3265661478063749,5.03,1.277508865248227,0.3154717849372364,5.06,1.5509027777777782,0.2604773851189062,7.59,1.481165780141844,0.09007533585261429,4.43
Undamaged Data of 2 cantilever/2nd/Randomhit/UD-RH 3-2-4 A.xlsx,Damaged,,2nd,Randomhit,,8262,1.3824703461631564,0.6607737465297718,9.219999999999999,1.3779411764705882,0.3957750910535353,5.1,1.297732994432341,0.3660075611245664,6.1,1.5069208424110385,0.29689248530551343,8.02,1.4809392398934886,0.11615303629899301,4.5600000000000005
Undamaged Data of 2 cantilever/2nd/Randomhit/UD-RH 4-1-2 A.xlsx,Damaged,,2nd,Randomhit,,11117,1.3836115858594946,0.5356049986138097,8.42,1.3780696230997571,0.3239292953518785,4.87,1.2180309435998922,0.2907992666910331,5.51,1.5273158226140144,0.2233423412177027,8.36,1.4830682738148782,0.08970376318504537,4.87
Undamaged Data of 2 cantilever/2nd/singlehit/UD-SH 1-2.xlsx,Damaged,,2nd,Singlehit,,4737,1.406770107663078,0.7697555748318019,9.76,1.3904306523115897,0.5202669779553359,6.7700000000000005,1.333324889170361,0.4219775108176836,7.3100000000000005,1.582301034409964,0.20199946414422681,4.95,1.4471733164450074,0.06328101656980412,2.44
Undamaged Data of 2 cantilever/2nd/singlehit/UD-SH 2-3.xlsx,Damaged,,2nd,Singlehit,,7474,1.4563473374364464,0.46825482692673515,8.559999999999999,1.3849826063687452,0.31036638232974484,5.4799999999999995,1.329982606368745,0.305669540993251,5.430000000000001,1.5150735884399251,0.15628036577466706,7.2,1.4905860315761308,0.05877972404674918,3.23
Undamaged Data of 2 cantilever/2nd/singlehit/UD-SH 3-4.xlsx,Damaged,,2nd,Singlehit,,6542,1.3956985631305412,0.3679703309161835,7.620000000000001,1.3850259859370224,0.19219718063106517,3.4499999999999997,1.3561311525527364,0.25267780955747293,4.68,1.5127774380923265,0.16324143307267122,6.449999999999999,1.4885172730051974,0.04912849646572223,2.21
Undamaged Data of 2 cantilever/2nd/singlehit/UD-SH 4-5.xlsx,Damaged,,2nd,Singlehit,,9906,1.3920452251160913,0.283157855086947,7.91,1.383386836260852,0.10651833477365713,3.52,1.319176256814052,0.192280629051631,3.5200000000000005,1.5043246517262265,0.18467591212974666,8.11,1.4863264688067839,0.07662532679670313,4.51
